Car/truck/van,Car_pct,Worked At Home,WFH_pct,Year,ucgid,State
1835719,0.415832928,44526,0.010086172,2004,0400000US01,Alabama
1846126,0.415039314,39469,0.008873277,2005,0400000US01,Alabama
1855476,0.403449422,51746,0.011251503,2006,0400000US01,Alabama
1884914,0.4072979,54254,0.011723368,2007,0400000US01,Alabama
1940821,0.41631545,46153,0.009900041,2008,0400000US01,Alabama
1862363,0.39551465,47604,0.01010978,2009,0400000US01,Alabama
1845291,0.385616736,51968,0.01085993,2010,0400000US01,Alabama
1844517,0.384055143,51389,0.010699934,2011,0400000US01,Alabama
1878138,0.389491713,46971,0.009740932,2012,0400000US01,Alabama
1878390,0.388601164,51456,0.010645213,2013,0400000US01,Alabama
1897356,0.39125768,56033,0.01155468,2014,0400000US01,Alabama
1906401,0.392346004,61369,0.01263002,2015,0400000US01,Alabama
1934593,0.397794295,69862,0.014365143,2016,0400000US01,Alabama
1914247,0.39268643,64692,0.013270843,2017,0400000US01,Alabama
1948480,0.398635724,71262,0.014579354,2018,0400000US01,Alabama
2008194,0.409569289,66803,0.013624409,2019,0400000US01,Alabama
243550,0.382962518,13859,0.021792148,2004,0400000US02,Alaska
255663,0.388544402,11088,0.016851013,2005,0400000US02,Alaska
258435,0.385693357,15984,0.023854829,2006,0400000US02,Alaska
265973,0.38914638,18849,0.027578064,2007,0400000US02,Alaska
276168,0.402405368,21544,0.03139184,2008,0400000US02,Alaska
271099,0.388130953,15409,0.022060982,2009,0400000US02,Alaska
275677,0.386110339,17384,0.02434785,2010,0400000US02,Alaska
284610,0.39380504,16958,0.0234642,2011,0400000US02,Alaska
284244,0.388603977,17727,0.024235456,2012,0400000US02,Alaska
292627,0.398060474,14389,0.019573356,2013,0400000US02,Alaska
291846,0.396135899,13135,0.017828736,2014,0400000US02,Alaska
292588,0.396228755,15330,0.020760205,2015,0400000US02,Alaska
289311,0.389962705,17328,0.023356436,2016,0400000US02,Alaska
280852,0.379634886,18898,0.025544914,2017,0400000US02,Alaska
285527,0.38718779,19386,0.026288312,2018,0400000US02,Alaska
286932,0.392227399,13330,0.018221709,2019,0400000US02,Alaska
2195828,0.389445483,92132,0.016340256,2004,0400000US04,Arizona
2321648,0.399852158,104310,0.017965074,2005,0400000US04,Arizona
2423368,0.393000814,124514,0.020192601,2006,0400000US04,Arizona
2439706,0.384887252,136647,0.021557388,2007,0400000US04,Arizona
2569520,0.395299821,139521,0.021464175,2008,0400000US04,Arizona
2415057,0.366151952,141373,0.021433863,2009,0400000US04,Arizona
2306365,0.359597687,152526,0.023781144,2010,0400000US04,Arizona
2313105,0.356822708,148682,0.022935887,2011,0400000US04,Arizona
2381806,0.363453885,149356,0.022791117,2012,0400000US04,Arizona
2408118,0.363400427,150902,0.022772078,2013,0400000US04,Arizona
2465070,0.366200082,166242,0.024696189,2014,0400000US04,Arizona
2542699,0.372389395,160023,0.023436069,2015,0400000US04,Arizona
2611375,0.376763561,186485,0.026905654,2016,0400000US04,Arizona
2703883,0.385373281,194378,0.027703894,2017,0400000US04,Arizona
2768617,0.386050425,215077,0.029989907,2018,0400000US04,Arizona
2827194,0.388419276,247397,0.033989095,2019,0400000US04,Arizona
1109112,0.415651189,27844,0.010434827,2004,0400000US05,Arkansas
1126121,0.417907604,32231,0.011961042,2005,0400000US05,Arkansas
1138937,0.405189918,38375,0.013652347,2006,0400000US05,Arkansas
1120175,0.395151749,46260,0.016318629,2007,0400000US05,Arkansas
1162584,0.407154187,39977,0.014000539,2008,0400000US05,Arkansas
1136183,0.393217738,43084,0.014910796,2009,0400000US05,Arkansas
1137369,0.389295817,37268,0.012755998,2010,0400000US05,Arkansas
1129840,0.384563673,40224,0.013691044,2011,0400000US05,Arkansas
1147415,0.389068846,39749,0.013478208,2012,0400000US05,Arkansas
1152938,0.389588604,32631,0.011026322,2013,0400000US05,Arkansas
1159989,0.391046763,44026,0.014841714,2014,0400000US05,Arkansas
1175874,0.394826545,36016,0.012093194,2015,0400000US05,Arkansas
1184689,0.396449356,44125,0.014766177,2016,0400000US05,Arkansas
1199474,0.399255194,47938,0.015956574,2017,0400000US05,Arkansas
1205404,0.39995819,49483,0.016418671,2018,0400000US05,Arkansas
1227528,0.406762001,47615,0.015778029,2019,0400000US05,Arkansas
13387756,0.381881302,684711,0.019531154,2004,0400000US06,California
13478723,0.381395221,659552,0.018662746,2005,0400000US06,California
13989128,0.383710051,780327,0.021403715,2006,0400000US06,California
13953477,0.381730499,789466,0.021597717,2007,0400000US06,California
14251620,0.387728854,804377,0.02188384,2008,0400000US06,California
13657177,0.369495729,829542,0.022443308,2009,0400000US06,California
13482462,0.360982381,821661,0.021999331,2010,0400000US06,California
13515802,0.358586266,860071,0.02281845,2011,0400000US06,California
13917485,0.365850731,859140,0.022584325,2012,0400000US06,California
14092623,0.367641434,879731,0.022949991,2013,0400000US06,California
14488842,0.373399703,931355,0.024002448,2014,0400000US06,California
14828837,0.378819924,979507,0.025022648,2015,0400000US06,California
15043968,0.383285643,1050435,0.026762664,2016,0400000US06,California
15380853,0.389027695,1099727,0.027815379,2017,0400000US06,California
15551498,0.393141045,1116391,0.028222305,2018,0400000US06,California
15631225,0.395604798,1176878,0.029785163,2019,0400000US06,California
1926515,0.428246627,134571,0.0299139,2004,0400000US08,Colorado
1966069,0.4329939,137660,0.030317319,2005,0400000US08,Colorado
2059200,0.433207799,138216,0.029077433,2006,0400000US08,Colorado
2090564,0.430023149,147561,0.030352884,2007,0400000US08,Colorado
2166069,0.438523794,163298,0.033059916,2008,0400000US08,Colorado
2080421,0.41403489,170255,0.033883291,2009,0400000US08,Colorado
2077171,0.411396668,153347,0.03037133,2010,0400000US08,Colorado
2116863,0.413708693,151993,0.029704721,2011,0400000US08,Colorado
2155299,0.415472755,164277,0.031667355,2012,0400000US08,Colorado
2179289,0.4136555,177098,0.03361535,2013,0400000US08,Colorado
2286404,0.42689716,170064,0.031752848,2014,0400000US08,Colorado
2330373,0.427076218,190544,0.03492008,2015,0400000US08,Colorado
2351636,0.424441275,224289,0.040481397,2016,0400000US08,Colorado
2417339,0.431116923,240627,0.042914284,2017,0400000US08,Colorado
2475681,0.434668275,250011,0.043895741,2018,0400000US08,Colorado
2503435,0.434719525,278681,0.048392738,2019,0400000US08,Colorado
1470726,0.43390865,60378,0.017813336,2004,0400000US09,Connecticut
1463589,0.434845477,56759,0.01686361,2005,0400000US09,Connecticut
1512406,0.431523085,61186,0.017457727,2006,0400000US09,Connecticut
1501545,0.428730015,66990,0.019127381,2007,0400000US09,Connecticut
1535337,0.43851085,73332,0.020944508,2008,0400000US09,Connecticut
1496947,0.425475968,68184,0.01937988,2009,0400000US09,Connecticut
1499680,0.419247802,66696,0.018645412,2010,0400000US09,Connecticut
1484958,0.414710604,74628,0.020841682,2011,0400000US09,Connecticut
1502597,0.418510242,69350,0.019315682,2012,0400000US09,Connecticut
1499278,0.416920088,77770,0.021626326,2013,0400000US09,Connecticut
1516611,0.421670055,84866,0.023595669,2014,0400000US09,Connecticut
1527401,0.42535491,86998,0.024227447,2015,0400000US09,Connecticut
1539857,0.430554356,93413,0.026118902,2016,0400000US09,Connecticut
1531534,0.426827049,90157,0.02512608,2017,0400000US09,Connecticut
1541177,0.431380213,102278,0.028627929,2018,0400000US09,Connecticut
1543635,0.432962336,100689,0.028241485,2019,0400000US09,Connecticut
349585,0.434040076,14487,0.017986866,2004,0400000US10,Delaware
364443,0.441429112,14642,0.017735024,2005,0400000US10,Delaware
359530,0.421253785,9534,0.011170789,2006,0400000US10,Delaware
365657,0.422840212,13626,0.0157569,2007,0400000US10,Delaware
374948,0.429448436,11661,0.013355981,2008,0400000US10,Delaware
369194,0.417110855,12876,0.014547147,2009,0400000US10,Delaware
365115,0.405787479,13506,0.015010519,2010,0400000US10,Delaware
372545,0.410683078,14307,0.015771633,2011,0400000US10,Delaware
380635,0.415045592,18033,0.01966324,2012,0400000US10,Delaware
369851,0.399515412,15713,0.016973283,2013,0400000US10,Delaware
383192,0.409562053,22148,0.023672155,2014,0400000US10,Delaware
398494,0.421270396,20237,0.02139367,2015,0400000US10,Delaware
394598,0.41446539,19775,0.020770641,2016,0400000US10,Delaware
389118,0.404514206,21382,0.022228021,2017,0400000US10,Delaware
409546,0.423447342,24879,0.025723476,2018,0400000US10,Delaware
414897,0.426075506,24534,0.025195016,2019,0400000US10,Delaware
124966,0.241212637,9598,0.018526311,2004,0400000US11,District of Columbia
111771,0.219774182,11073,0.021772728,2005,0400000US11,District of Columbia
121515,0.208957399,11066,0.019029113,2006,0400000US11,District of Columbia
131621,0.223734123,13408,0.022791403,2007,0400000US11,District of Columbia
131862,0.222802707,14240,0.024060841,2008,0400000US11,District of Columbia
127530,0.212671569,14194,0.023670198,2009,0400000US11,District of Columbia
122335,0.20238959,14726,0.024362523,2010,0400000US11,District of Columbia
120429,0.194870186,14917,0.024137697,2011,0400000US11,District of Columbia
127207,0.201174076,14625,0.023129002,2012,0400000US11,District of Columbia
118258,0.182934765,15216,0.02353782,2013,0400000US11,District of Columbia
147921,0.224499265,16198,0.024583658,2014,0400000US11,District of Columbia
143376,0.213284768,21537,0.032038237,2015,0400000US11,District of Columbia
139583,0.204916531,21593,0.031699869,2016,0400000US11,District of Columbia
152319,0.21948867,27338,0.03939352,2017,0400000US11,District of Columbia
145866,0.207651726,23550,0.033525279,2018,0400000US11,District of Columbia
146031,0.206916328,27918,0.039557973,2019,0400000US11,District of Columbia
6836280,0.40313805,300045,0.017693769,2004,0400000US12,Florida
7001895,0.403250111,280959,0.016180869,2005,0400000US12,Florida
7356274,0.40665114,326180,0.018031067,2006,0400000US12,Florida
7381575,0.404442316,336388,0.018430964,2007,0400000US12,Florida
7420467,0.404863015,373454,0.020375768,2008,0400000US12,Florida
7092338,0.382584413,373647,0.020155768,2009,0400000US12,Florida
7060461,0.374692928,364423,0.019339633,2010,0400000US12,Florida
7163199,0.375872135,369065,0.019365824,2011,0400000US12,Florida
7274537,0.376576233,415571,0.021512594,2012,0400000US12,Florida
7449488,0.380992243,426152,0.021794868,2013,0400000US12,Florida
7668762,0.385494772,466816,0.023465995,2014,0400000US12,Florida
7876651,0.388562247,487005,0.024024393,2015,0400000US12,Florida
8063516,0.391196597,543165,0.026351321,2016,0400000US12,Florida
8277273,0.394448876,570819,0.027202064,2017,0400000US12,Florida
8498642,0.399009921,602435,0.02828423,2018,0400000US12,Florida
8609748,0.400868489,691195,0.032181929,2019,0400000US12,Florida
3643365,0.424619421,142556,0.016614324,2004,0400000US13,Georgia
3750234,0.425599615,148340,0.016834535,2005,0400000US13,Georgia
3850430,0.411197592,191053,0.020403055,2006,0400000US13,Georgia
3891862,0.407748971,193527,0.020275754,2007,0400000US13,Georgia
4039001,0.417004723,217580,0.022463943,2008,0400000US13,Georgia
3845829,0.39126528,207189,0.021078905,2009,0400000US13,Georgia
3694096,0.380341097,200372,0.020630137,2010,0400000US13,Georgia
3747168,0.381771556,192210,0.019582872,2011,0400000US13,Georgia
3796285,0.382692141,207748,0.020942455,2012,0400000US13,Georgia
3871865,0.38749002,210526,0.021069103,2013,0400000US13,Georgia
3951197,0.391310565,217835,0.021573497,2014,0400000US13,Georgia
4076522,0.399077617,237404,0.023241043,2015,0400000US13,Georgia
4160384,0.40351448,264758,0.025678804,2016,0400000US13,Georgia
4234379,0.406004901,277499,0.026607433,2017,0400000US13,Georgia
4337610,0.412340919,288822,0.027455933,2018,0400000US13,Georgia
4338997,0.40866762,343156,0.032320084,2019,0400000US13,Georgia
487513,0.397318512,23983,0.01954592,2004,0400000US15,Hawaii
495861,0.394000762,26885,0.021362258,2005,0400000US15,Hawaii
515000,0.400622942,28043,0.021814892,2006,0400000US15,Hawaii
523822,0.408155594,25496,0.019866167,2007,0400000US15,Hawaii
542407,0.421058712,28061,0.021783142,2008,0400000US15,Hawaii
519688,0.401248315,30358,0.023439249,2009,0400000US15,Hawaii
532296,0.390354791,32255,0.023653933,2010,0400000US15,Hawaii
530692,0.386011152,30264,0.022013224,2011,0400000US15,Hawaii
537232,0.385855761,28920,0.020771192,2012,0400000US15,Hawaii
550295,0.391932925,29871,0.021274823,2013,0400000US15,Hawaii
554868,0.390872947,31647,0.022293512,2014,0400000US15,Hawaii
570692,0.398638443,31496,0.022000513,2015,0400000US15,Hawaii
574135,0.401898552,36835,0.02578476,2016,0400000US15,Hawaii
571191,0.400123143,28505,0.019967945,2017,0400000US15,Hawaii
581020,0.409027575,37882,0.026668244,2018,0400000US15,Hawaii
584412,0.412757643,33700,0.023801587,2019,0400000US15,Hawaii
545885,0.401341167,30914,0.022728342,2004,0400000US16,Idaho
579115,0.411113471,32667,0.023190289,2005,0400000US16,Idaho
603803,0.411740471,35462,0.024181961,2006,0400000US16,Idaho
606953,0.404796706,36708,0.02448176,2007,0400000US16,Idaho
627072,0.411514245,35781,0.023481181,2008,0400000US16,Idaho
596663,0.385989524,33351,0.021575222,2009,0400000US16,Idaho
591378,0.376326317,39649,0.025230838,2010,0400000US16,Idaho
594882,0.37532342,39487,0.02491317,2011,0400000US16,Idaho
611702,0.383337254,40365,0.025295664,2012,0400000US16,Idaho
620673,0.385000391,39756,0.02466045,2013,0400000US16,Idaho
628357,0.384442232,47612,0.029130039,2014,0400000US16,Idaho
651599,0.393732054,47146,0.028488214,2015,0400000US16,Idaho
661237,0.392859174,45796,0.02720867,2016,0400000US16,Idaho
684505,0.398676595,46343,0.026991577,2017,0400000US16,Idaho
701194,0.399721121,49312,0.028110692,2018,0400000US16,Idaho
731707,0.409446207,62163,0.034784969,2019,0400000US16,Idaho
4800438,0.388122811,208387,0.01684841,2004,0400000US17,Illinois
4875484,0.391861219,192126,0.015441898,2005,0400000US17,Illinois
4993690,0.389160043,220051,0.017148653,2006,0400000US17,Illinois
4993927,0.388555405,215786,0.016789356,2007,0400000US17,Illinois
5126141,0.397327099,245399,0.019020872,2008,0400000US17,Illinois
4879248,0.377931326,235626,0.018250855,2009,0400000US17,Illinois
4790225,0.372978516,245919,0.019147849,2010,0400000US17,Illinois
4775085,0.371045838,244391,0.018990293,2011,0400000US17,Illinois
4885321,0.379434892,252172,0.019585787,2012,0400000US17,Illinois
4914891,0.381527673,246941,0.01916926,2013,0400000US17,Illinois
4913207,0.381442993,267907,0.020799296,2014,0400000US17,Illinois
4970744,0.386527677,272677,0.021203507,2015,0400000US17,Illinois
4947054,0.386442129,307929,0.024054061,2016,0400000US17,Illinois
4955173,0.387061716,306344,0.023929343,2017,0400000US17,Illinois
5005490,0.3928623,315810,0.024786753,2018,0400000US17,Illinois
4984654,0.393365246,330796,0.026104851,2019,0400000US17,Illinois
2624463,0.43321038,88522,0.014611998,2004,0400000US18,Indiana
2605724,0.42848761,83013,0.013650733,2005,0400000US18,Indiana
2730290,0.43245131,91141,0.014435846,2006,0400000US18,Indiana
2728491,0.430002636,94061,0.014823753,2007,0400000US18,Indiana
2780440,0.436024884,92891,0.014567042,2008,0400000US18,Indiana
2666284,0.415107751,94851,0.014767139,2009,0400000US18,Indiana
2645760,0.407628175,92601,0.014266894,2010,0400000US18,Indiana
2676724,0.410734392,86573,0.013284339,2011,0400000US18,Indiana
2715166,0.415332304,98843,0.015119772,2012,0400000US18,Indiana
2731207,0.415651762,98432,0.014979983,2013,0400000US18,Indiana
2775665,0.420755799,104885,0.015899243,2014,0400000US18,Indiana
2794447,0.422142308,116555,0.017607347,2015,0400000US18,Indiana
2860722,0.431282849,118962,0.017934728,2016,0400000US18,Indiana
2855892,0.428374075,132735,0.019909798,2017,0400000US18,Indiana
2907591,0.434495517,121818,0.018203858,2018,0400000US18,Indiana
2946079,0.437608906,135278,0.020094118,2019,0400000US18,Indiana
1288816,0.452219944,74840,0.02625987,2004,0400000US19,Iowa
1310720,0.460181735,65022,0.022828626,2005,0400000US19,Iowa
1352032,0.453384792,73023,0.02448723,2006,0400000US19,Iowa
1341763,0.449043469,72849,0.024380139,2007,0400000US19,Iowa
1410912,0.469903482,69667,0.023202557,2008,0400000US19,Iowa
1354546,0.4503359,70464,0.023426646,2009,0400000US19,Iowa
1355221,0.444351796,70351,0.023066786,2010,0400000US19,Iowa
1357104,0.443163636,67928,0.022181955,2011,0400000US19,Iowa
1365759,0.444266869,69843,0.022719185,2012,0400000US19,Iowa
1366081,0.442037898,61724,0.019972716,2013,0400000US19,Iowa
1396613,0.449487079,72237,0.023248816,2014,0400000US19,Iowa
1404716,0.449667544,64020,0.02049362,2015,0400000US19,Iowa
1419764,0.452919629,74636,0.023809668,2016,0400000US19,Iowa
1430850,0.45485742,80937,0.025729318,2017,0400000US19,Iowa
1432546,0.453891056,83516,0.026461395,2018,0400000US19,Iowa
1399608,0.443606001,95418,0.030242752,2019,0400000US19,Iowa
1221072,0.460182084,55359,0.020862996,2004,0400000US20,Kansas
1238426,0.463882255,48410,0.01813313,2005,0400000US20,Kansas
1269400,0.459249474,55673,0.020141639,2006,0400000US20,Kansas
1247951,0.449550554,62501,0.022514794,2007,0400000US20,Kansas
1316896,0.469961818,59314,0.021167439,2008,0400000US20,Kansas
1248673,0.442988672,59356,0.021057583,2009,0400000US20,Kansas
1251188,0.437605469,58979,0.020628022,2010,0400000US20,Kansas
1258907,0.438454419,62168,0.021651984,2011,0400000US20,Kansas
1274883,0.44176194,57914,0.020067882,2012,0400000US20,Kansas
1268745,0.438411833,55718,0.019253223,2013,0400000US20,Kansas
1271000,0.437669009,51095,0.01759457,2014,0400000US20,Kansas
1308986,0.449569844,60413,0.02074878,2015,0400000US20,Kansas
1310206,0.450662452,58994,0.020291756,2016,0400000US20,Kansas
1295607,0.444748467,67807,0.023276394,2017,0400000US20,Kansas
1310892,0.450244715,66746,0.022924874,2018,0400000US20,Kansas
1314281,0.451129191,72500,0.024885749,2019,0400000US20,Kansas
1644226,0.407881751,52345,0.01298518,2004,0400000US21,Kentucky
1661768,0.408735166,49655,0.012213344,2005,0400000US21,Kentucky
1716739,0.408157107,57449,0.01365858,2006,0400000US21,Kentucky
1713312,0.40394259,58096,0.013697125,2007,0400000US21,Kentucky
1740753,0.407742586,53837,0.012610426,2008,0400000US21,Kentucky
1678635,0.389103159,56600,0.013119731,2009,0400000US21,Kentucky
1668747,0.383949578,62670,0.014419274,2010,0400000US21,Kentucky
1671953,0.382654331,52344,0.011979797,2011,0400000US21,Kentucky
1709886,0.390347945,57594,0.013148069,2012,0400000US21,Kentucky
1730918,0.393811563,56216,0.01279004,2013,0400000US21,Kentucky
1719211,0.389538404,62302,0.014116372,2014,0400000US21,Kentucky
1744318,0.394187961,61828,0.013972139,2015,0400000US21,Kentucky
1769804,0.39887635,70153,0.015811001,2016,0400000US21,Kentucky
1772891,0.398027788,78566,0.017638677,2017,0400000US21,Kentucky
1809521,0.404959311,76492,0.017118424,2018,0400000US21,Kentucky
1801634,0.40326004,82465,0.018458155,2019,0400000US21,Kentucky
1731402,0.395006506,45511,0.010382997,2004,0400000US22,Louisiana
1708560,0.389443699,42140,0.009605257,2005,0400000US22,Louisiana
1692857,0.394810773,38832,0.00905646,2006,0400000US22,Louisiana
1712085,0.398789574,51878,0.012083749,2007,0400000US22,Louisiana
1817121,0.411971217,43873,0.009946731,2008,0400000US22,Louisiana
1819656,0.405081302,47085,0.010481791,2009,0400000US22,Louisiana
1802075,0.396563508,42855,0.009430645,2010,0400000US22,Louisiana
1789294,0.391116533,40469,0.008846,2011,0400000US22,Louisiana
1819163,0.395307539,48342,0.010504807,2012,0400000US22,Louisiana
1831358,0.395929061,47628,0.0102969,2013,0400000US22,Louisiana
1844179,0.396625269,49578,0.010662678,2014,0400000US22,Louisiana
1849355,0.395946109,58061,0.012430835,2015,0400000US22,Louisiana
1856245,0.396492401,58423,0.012479105,2016,0400000US22,Louisiana
1842216,0.393271784,66274,0.014148012,2017,0400000US22,Louisiana
1833020,0.393353787,71717,0.015389987,2018,0400000US22,Louisiana
1833030,0.394302263,78260,0.016834474,2019,0400000US22,Louisiana
564390,0.441369324,31906,0.024951416,2004,0400000US23,Maine
576250,0.44932684,29855,0.023279224,2005,0400000US23,Maine
581182,0.439765,30092,0.022769818,2006,0400000US23,Maine
566812,0.430313527,31054,0.023575641,2007,0400000US23,Maine
568000,0.43146143,35400,0.026890378,2008,0400000US23,Maine
552787,0.419317734,38695,0.029352174,2009,0400000US23,Maine
558001,0.420318514,34849,0.026250276,2010,0400000US23,Maine
557430,0.419692083,34945,0.026310281,2011,0400000US23,Maine
546070,0.410828525,36800,0.027685993,2012,0400000US23,Maine
551999,0.415567385,38130,0.028705821,2013,0400000US23,Maine
559985,0.421013172,34809,0.026170429,2014,0400000US23,Maine
574417,0.432110803,34244,0.025760384,2015,0400000US23,Maine
570827,0.428716479,35027,0.026306836,2016,0400000US23,Maine
567303,0.424657545,40739,0.030495386,2017,0400000US23,Maine
585583,0.437523339,39469,0.029489601,2018,0400000US23,Maine
579505,0.431111303,42179,0.031378235,2019,0400000US23,Maine
2258658,0.416369503,95337,0.017574781,2004,0400000US24,Maryland
2284504,0.418910554,99881,0.018315225,2005,0400000US24,Maryland
2346176,0.41778669,101031,0.017990725,2006,0400000US24,Maryland
2337868,0.416113359,104575,0.018613136,2007,0400000US24,Maryland
2447071,0.43437097,108079,0.019184723,2008,0400000US24,Maryland
2368150,0.415502962,117880,0.020682596,2009,0400000US24,Maryland
2373077,0.410142477,122515,0.021174452,2010,0400000US24,Maryland
2379583,0.408281571,115122,0.019752281,2011,0400000US24,Maryland
2435550,0.413887997,118341,0.020110414,2012,0400000US24,Maryland
2452137,0.413596546,123618,0.020850376,2013,0400000US24,Maryland
2462937,0.412109984,118891,0.019893391,2014,0400000US24,Maryland
2491556,0.414816791,129363,0.021537523,2015,0400000US24,Maryland
2519136,0.418708249,148834,0.024737856,2016,0400000US24,Maryland
2535950,0.419014512,153739,0.025402264,2017,0400000US24,Maryland
2558769,0.423446699,157069,0.025993104,2018,0400000US24,Maryland
2542837,0.420603967,168986,0.027951529,2019,0400000US24,Maryland
2539827,0.410047261,114222,0.018440791,2004,0400000US25,Massachusetts
2526848,0.407494084,101622,0.01638815,2005,0400000US25,Massachusetts
2593574,0.402904495,113871,0.017689543,2006,0400000US25,Massachusetts
2574637,0.399183689,126069,0.019546324,2007,0400000US25,Massachusetts
2678069,0.412139519,130393,0.020066738,2008,0400000US25,Massachusetts
2581682,0.391544389,136877,0.02075911,2009,0400000US25,Massachusetts
2552433,0.389253336,131298,0.020023321,2010,0400000US25,Massachusetts
2580908,0.391786548,142929,0.021696883,2011,0400000US25,Massachusetts
2596289,0.390645913,143167,0.021541363,2012,0400000US25,Massachusetts
2633276,0.393447667,150233,0.022446877,2013,0400000US25,Massachusetts
2671415,0.396034605,164432,0.02437688,2014,0400000US25,Massachusetts
2673709,0.393515297,160504,0.023622907,2015,0400000US25,Massachusetts
2720618,0.399392824,180788,0.026540084,2016,0400000US25,Massachusetts
2723404,0.397008141,185547,0.027048381,2017,0400000US25,Massachusetts
2747718,0.398093243,190057,0.027535725,2018,0400000US25,Massachusetts
2802109,0.406544471,193861,0.028126357,2019,0400000US25,Massachusetts
4051970,0.410995822,139815,0.014181591,2004,0400000US26,Michigan
4107785,0.416717685,131611,0.013351388,2005,0400000US26,Michigan
4095281,0.405648357,150200,0.014877705,2006,0400000US26,Michigan
4041148,0.401233063,141478,0.014046912,2007,0400000US26,Michigan
4100563,0.409916026,149392,0.01493409,2008,0400000US26,Michigan
3802050,0.381359489,147306,0.014775329,2009,0400000US26,Michigan
3737711,0.378403745,144488,0.014627883,2010,0400000US26,Michigan
3757496,0.380460191,140647,0.014241022,2011,0400000US26,Michigan
3810544,0.385551472,158922,0.016079754,2012,0400000US26,Michigan
3903937,0.394511532,165007,0.016674748,2013,0400000US26,Michigan
3966504,0.400257641,156833,0.015825928,2014,0400000US26,Michigan
4041141,0.407267326,161541,0.016280147,2015,0400000US26,Michigan
4119954,0.414970739,177248,0.017852805,2016,0400000US26,Michigan
4131230,0.414685909,195189,0.019592743,2017,0400000US26,Michigan
4191501,0.419321392,191255,0.019133316,2018,0400000US26,Michigan
4235747,0.424132136,206587,0.020685887,2019,0400000US26,Michigan
2267218,0.457215811,120496,0.024299682,2004,0400000US27,Minnesota
2268919,0.456600842,125826,0.025321423,2005,0400000US27,Minnesota
2338944,0.452660784,130352,0.025227299,2006,0400000US27,Minnesota
2324064,0.447139949,135842,0.026135418,2007,0400000US27,Minnesota
2414173,0.46245043,136432,0.026134431,2008,0400000US27,Minnesota
2317146,0.440002163,131121,0.024898528,2009,0400000US27,Minnesota
2317980,0.436483066,147395,0.027754951,2010,0400000US27,Minnesota
2339915,0.437787809,150082,0.028079683,2011,0400000US27,Minnesota
2385868,0.443540869,148373,0.027583039,2012,0400000US27,Minnesota
2404678,0.443636422,136833,0.025244171,2013,0400000US27,Minnesota
2429100,0.445120576,143021,0.026207892,2014,0400000US27,Minnesota
2475603,0.450962856,153856,0.028026845,2015,0400000US27,Minnesota
2486155,0.450394313,164018,0.029713664,2016,0400000US27,Minnesota
2527753,0.453278031,166321,0.029824772,2017,0400000US27,Minnesota
2526787,0.450313025,164283,0.029277804,2018,0400000US27,Minnesota
2526252,0.447946246,197846,0.035081367,2019,0400000US27,Minnesota
1105168,0.393709582,33729,0.012015757,2004,0400000US28,Mississippi
1127348,0.398301575,20578,0.007270381,2005,0400000US28,Mississippi
1104703,0.379552591,23116,0.007942169,2006,0400000US28,Mississippi
1122185,0.384469907,27296,0.009351836,2007,0400000US28,Mississippi
1170736,0.398396796,27935,0.009506169,2008,0400000US28,Mississippi
1120164,0.379459862,33482,0.011342156,2009,0400000US28,Mississippi
1084266,0.365068301,28219,0.009501232,2010,0400000US28,Mississippi
1101698,0.369882007,25737,0.008640892,2011,0400000US28,Mississippi
1109473,0.37169196,27819,0.009319829,2012,0400000US28,Mississippi
1117986,0.373757482,24372,0.008147881,2013,0400000US28,Mississippi
1130811,0.377682418,26123,0.008724887,2014,0400000US28,Mississippi
1127663,0.37685077,27590,0.009220231,2015,0400000US28,Mississippi
1147121,0.383816046,27884,0.009329728,2016,0400000US28,Mississippi
1150715,0.385615427,28041,0.009396803,2017,0400000US28,Mississippi
1145211,0.383458728,32282,0.0108092,2018,0400000US28,Mississippi
1162314,0.390542945,39907,0.013408939,2019,0400000US28,Mississippi
2438258,0.436345563,121957,0.02182517,2004,0400000US29,Missouri
2451756,0.435279389,97284,0.017271588,2005,0400000US29,Missouri
2498044,0.427548639,116402,0.019922594,2006,0400000US29,Missouri
2513280,0.427543818,113368,0.019285471,2007,0400000US29,Missouri
2576526,0.435842041,121914,0.020622826,2008,0400000US29,Missouri
2493640,0.416468756,118279,0.019754058,2009,0400000US29,Missouri
2459535,0.41018016,114522,0.019098997,2010,0400000US29,Missouri
2467514,0.410521057,112618,0.018736291,2011,0400000US29,Missouri
2482392,0.412221345,123144,0.020449061,2012,0400000US29,Missouri
2517523,0.416520809,113680,0.018808204,2013,0400000US29,Missouri
2511517,0.414196442,126292,0.020827929,2014,0400000US29,Missouri
2585542,0.424996941,137267,0.022563182,2015,0400000US29,Missouri
2595232,0.425936647,145361,0.023857049,2016,0400000US29,Missouri
2609052,0.426766718,142430,0.023297498,2017,0400000US29,Missouri
2626860,0.428773455,141241,0.02305429,2018,0400000US29,Missouri
2630784,0.428646004,145683,0.023736816,2019,0400000US29,Missouri
377470,0.417967252,29038,0.032153372,2004,0400000US30,Montana
389339,0.433868181,25387,0.028290543,2005,0400000US30,Montana
389480,0.412308695,29826,0.0315742,2006,0400000US30,Montana
382875,0.399718734,33961,0.03545504,2007,0400000US30,Montana
396507,0.409851761,29403,0.030392582,2008,0400000US30,Montana
391314,0.401352208,29354,0.030107006,2009,0400000US30,Montana
396239,0.399878683,31835,0.032127424,2010,0400000US30,Montana
410070,0.410809857,27039,0.027087785,2011,0400000US30,Montana
397971,0.395935484,30013,0.029859492,2012,0400000US30,Montana
393712,0.387830538,30711,0.030252225,2013,0400000US30,Montana
408584,0.399171912,35649,0.034827795,2014,0400000US30,Montana
407883,0.39487234,29437,0.028498019,2015,0400000US30,Montana
414185,0.397292127,31664,0.030372559,2016,0400000US30,Montana
433034,0.412219773,34394,0.032740818,2017,0400000US30,Montana
436214,0.4106297,41862,0.039406762,2018,0400000US30,Montana
445559,0.416886375,35242,0.032974107,2019,0400000US30,Montana
788545,0.461485288,46459,0.027189501,2004,0400000US31,Nebraska
797612,0.467439424,41435,0.024282926,2005,0400000US31,Nebraska
809034,0.457512755,45341,0.025640562,2006,0400000US31,Nebraska
812598,0.457912356,46712,0.026322982,2007,0400000US31,Nebraska
843209,0.472801311,48519,0.027205411,2008,0400000US31,Nebraska
834591,0.464533436,38252,0.021291067,2009,0400000US31,Nebraska
840725,0.45930489,35772,0.01954296,2010,0400000US31,Nebraska
846989,0.45966034,47608,0.025836829,2011,0400000US31,Nebraska
859041,0.462963845,45472,0.024506272,2012,0400000US31,Nebraska
869081,0.465118302,41079,0.021984826,2013,0400000US31,Nebraska
886973,0.471417261,38454,0.020437916,2014,0400000US31,Nebraska
888243,0.468435648,37068,0.019548674,2015,0400000US31,Nebraska
882684,0.462837074,42536,0.022303835,2016,0400000US31,Nebraska
896638,0.466980467,49841,0.025957827,2017,0400000US31,Nebraska
901653,0.467354969,52842,0.027389663,2018,0400000US31,Nebraska
911084,0.470988534,46555,0.024066795,2019,0400000US31,Nebraska
951547,0.413500884,33480,0.01454895,2004,0400000US32,Nevada
1012919,0.426309658,32802,0.013805457,2005,0400000US32,Nevada
1076233,0.431264471,36643,0.01468346,2006,0400000US32,Nevada
1091094,0.425314434,36204,0.014112518,2007,0400000US32,Nevada
1119194,0.430431581,37588,0.014455995,2008,0400000US32,Nevada
1074688,0.406603645,38714,0.014647278,2009,0400000US32,Nevada
1056270,0.39053967,43982,0.016261672,2010,0400000US32,Nevada
1062449,0.390129774,32058,0.011771652,2011,0400000US32,Nevada
1092784,0.396089643,38467,0.013942719,2012,0400000US32,Nevada
1105178,0.396101837,44147,0.015822526,2013,0400000US32,Nevada
1127771,0.397228485,40154,0.014143219,2014,0400000US32,Nevada
1153119,0.398886482,47270,0.01635162,2015,0400000US32,Nevada
1207805,0.41080992,57553,0.019575464,2016,0400000US32,Nevada
1241039,0.413950249,60235,0.020091466,2017,0400000US32,Nevada
1261173,0.415626258,58281,0.019206813,2018,0400000US32,Nevada
1275028,0.41394916,73788,0.02395593,2019,0400000US32,Nevada
594434,0.471036546,27585,0.021858681,2004,0400000US33,New Hampshire
607561,0.477680967,28534,0.022434207,2005,0400000US33,New Hampshire
621336,0.472536582,30658,0.02331593,2006,0400000US33,New Hampshire
610336,0.46384177,34351,0.026105996,2007,0400000US33,New Hampshire
621692,0.472478898,36957,0.028086903,2008,0400000US33,New Hampshire
614282,0.4637578,36246,0.027364249,2009,0400000US33,New Hampshire
603228,0.458115712,39611,0.030082194,2010,0400000US33,New Hampshire
598053,0.453691176,38870,0.029487314,2011,0400000US33,New Hampshire
602504,0.456194272,40586,0.030730254,2012,0400000US33,New Hampshire
606145,0.458000579,34528,0.02608921,2013,0400000US33,New Hampshire
611365,0.460777054,42114,0.03174072,2014,0400000US33,New Hampshire
615530,0.462593029,44460,0.033413297,2015,0400000US33,New Hampshire
623089,0.466842076,46391,0.03475791,2016,0400000US33,New Hampshire
640858,0.477256755,42937,0.031975841,2017,0400000US33,New Hampshire
629008,0.463729981,49457,0.036461689,2018,0400000US33,New Hampshire
634007,0.466280689,52238,0.038418458,2019,0400000US33,New Hampshire
3211449,0.37767117,131498,0.01546436,2004,0400000US34,New Jersey
3268057,0.38335573,117334,0.013763732,2005,0400000US34,New Jersey
3351364,0.384129858,128280,0.01470332,2006,0400000US34,New Jersey
3346314,0.385257289,135835,0.015638528,2007,0400000US34,New Jersey
3456934,0.398142228,144753,0.016671502,2008,0400000US34,New Jersey
3286015,0.377367146,162759,0.018691302,2009,0400000US34,New Jersey
3287616,0.373523794,144041,0.016365275,2010,0400000US34,New Jersey
3270465,0.370752469,158982,0.01802281,2011,0400000US34,New Jersey
3303800,0.372696311,164189,0.018521894,2012,0400000US34,New Jersey
3339816,0.375288096,164642,0.018500475,2013,0400000US34,New Jersey
3412830,0.381826267,184744,0.020669096,2014,0400000US34,New Jersey
3413603,0.381066984,174955,0.019530559,2015,0400000US34,New Jersey
3438566,0.384434894,186986,0.02090521,2016,0400000US34,New Jersey
3489770,0.38750921,198263,0.022015416,2017,0400000US34,New Jersey
3495331,0.392358213,200601,0.022517882,2018,0400000US34,New Jersey
3493349,0.393298161,212943,0.023974155,2019,0400000US34,New Jersey
751519,0.404962125,32396,0.017456848,2004,0400000US35,New Mexico
757920,0.401698331,40437,0.021431649,2005,0400000US35,New Mexico
778197,0.398136391,38067,0.019475606,2006,0400000US35,New Mexico
777615,0.394745454,45882,0.02329136,2007,0400000US35,New Mexico
797279,0.401782237,37940,0.019119553,2008,0400000US35,New Mexico
767919,0.382111794,44988,0.022385754,2009,0400000US35,New Mexico
774098,0.374696743,42170,0.020412095,2010,0400000US35,New Mexico
770395,0.369986607,45188,0.021701796,2011,0400000US35,New Mexico
779693,0.373857006,39016,0.018707883,2012,0400000US35,New Mexico
772877,0.370633392,37033,0.017759186,2013,0400000US35,New Mexico
785907,0.376830429,42818,0.020530579,2014,0400000US35,New Mexico
789403,0.378590756,44671,0.02142382,2015,0400000US35,New Mexico
796726,0.382854517,40068,0.019254066,2016,0400000US35,New Mexico
784400,0.3756579,44622,0.021369973,2017,0400000US35,New Mexico
795366,0.379572093,43209,0.020620608,2018,0400000US35,New Mexico
824616,0.393268116,46534,0.022192558,2019,0400000US35,New Mexico
5337939,0.286033399,311331,0.016682668,2004,0400000US36,New York
5323935,0.285019265,286767,0.015352201,2005,0400000US36,New York
5411750,0.280311753,331316,0.017161134,2006,0400000US36,New York
5409676,0.280327079,337784,0.017503821,2007,0400000US36,New York
5683645,0.291614078,345103,0.0177064,2008,0400000US36,New York
5462229,0.279520105,344802,0.017644645,2009,0400000US36,New York
5335718,0.275146459,352043,0.018153768,2010,0400000US36,New York
5332422,0.273946469,337843,0.017356259,2011,0400000US36,New York
5392628,0.275552176,346975,0.017729707,2012,0400000US36,New York
5384678,0.274013699,363549,0.01850016,2013,0400000US36,New York
5484978,0.27777347,370615,0.018768902,2014,0400000US36,New York
5506299,0.278155038,373970,0.01889139,2015,0400000US36,New York
5478995,0.277483657,406129,0.0205684,2016,0400000US36,New York
5591276,0.281684901,411664,0.020739368,2017,0400000US36,New York
5529823,0.282968164,428121,0.021907503,2018,0400000US36,New York
5569481,0.286296221,455523,0.023415919,2019,0400000US36,New York
3521369,0.42579892,116858,0.014130303,2004,0400000US37,North Carolina
3621523,0.431247406,123429,0.014697804,2005,0400000US37,North Carolina
3786515,0.427540547,145096,0.016382986,2006,0400000US37,North Carolina
3813569,0.420875789,166444,0.01836921,2007,0400000US37,North Carolina
3989464,0.432583485,192811,0.020906782,2008,0400000US37,North Carolina
3795124,0.404559314,183034,0.019511381,2009,0400000US37,North Carolina
3788247,0.396195577,162520,0.01699723,2010,0400000US37,North Carolina
3813195,0.394887805,197688,0.020472224,2011,0400000US37,North Carolina
3885626,0.398441028,200553,0.020565166,2012,0400000US37,North Carolina
3952119,0.401309394,203926,0.020707226,2013,0400000US37,North Carolina
4042093,0.40648709,205523,0.020668116,2014,0400000US37,North Carolina
4135405,0.411778007,217295,0.02163689,2015,0400000US37,North Carolina
4185317,0.412477031,247466,0.024388605,2016,0400000US37,North Carolina
4294798,0.41804953,287632,0.02799769,2017,0400000US37,North Carolina
4385415,0.422339703,292737,0.028192191,2018,0400000US37,North Carolina
4391905,0.418751889,334236,0.031868166,2019,0400000US37,North Carolina
281251,0.461300861,22134,0.036303636,2004,0400000US38,North Dakota
300974,0.484611042,15685,0.025255087,2005,0400000US38,North Dakota
303733,0.477667479,17840,0.028056182,2006,0400000US38,North Dakota
300401,0.469585654,18299,0.028604926,2007,0400000US38,North Dakota
312734,0.487518701,21510,0.03353178,2008,0400000US38,North Dakota
306359,0.473621129,19671,0.030410733,2009,0400000US38,North Dakota
320059,0.474513658,17287,0.025629393,2010,0400000US38,North Dakota
324082,0.473851181,20355,0.029761731,2011,0400000US38,North Dakota
330924,0.472999916,21704,0.0310222,2012,0400000US38,North Dakota
353723,0.488977621,17316,0.023937196,2013,0400000US38,North Dakota
344455,0.465805776,20866,0.028217049,2014,0400000US38,North Dakota
358479,0.47359721,17573,0.023216211,2015,0400000US38,North Dakota
367898,0.485383642,19678,0.025962032,2016,0400000US38,North Dakota
361095,0.478022684,17164,0.022721947,2017,0400000US38,North Dakota
367736,0.483814128,14059,0.01849681,2018,0400000US38,North Dakota
370883,0.486683484,16555,0.021723954,2019,0400000US38,North Dakota
4749175,0.425086672,160341,0.014351718,2004,0400000US39,Ohio
4775523,0.428449809,154463,0.013858093,2005,0400000US39,Ohio
4862810,0.423663308,162790,0.014182777,2006,0400000US39,Ohio
4841426,0.422208166,185106,0.016142613,2007,0400000US39,Ohio
4968617,0.432583661,180972,0.015756,2008,0400000US39,Ohio
4716045,0.408575763,187932,0.016281537,2009,0400000US39,Ohio
4643739,0.402536905,181116,0.015699822,2010,0400000US39,Ohio
4690491,0.406280719,176215,0.015263382,2011,0400000US39,Ohio
4742181,0.410783833,175115,0.015169056,2012,0400000US39,Ohio
4818868,0.416467717,183213,0.015834071,2013,0400000US39,Ohio
4871916,0.4202042,196690,0.016964571,2014,0400000US39,Ohio
4897251,0.42168885,198296,0.017074725,2015,0400000US39,Ohio
4922787,0.423853013,235311,0.020260327,2016,0400000US39,Ohio
4995716,0.428500175,231672,0.019871324,2017,0400000US39,Ohio
5020437,0.429484743,240520,0.020575832,2018,0400000US39,Ohio
5043979,0.431511322,261578,0.022377942,2019,0400000US39,Ohio
1414447,0.41452616,51241,0.015016989,2004,0400000US40,Oklahoma
1451852,0.423283673,50156,0.014622851,2005,0400000US40,Oklahoma
1482164,0.414103438,59889,0.016732454,2006,0400000US40,Oklahoma
1508668,0.417068344,59126,0.016345268,2007,0400000US40,Oklahoma
1571050,0.431327371,60527,0.016617518,2008,0400000US40,Oklahoma
1527883,0.414391721,55897,0.015160359,2009,0400000US40,Oklahoma
1530413,0.406840572,71151,0.018914576,2010,0400000US40,Oklahoma
1544594,0.407382496,53977,0.014236288,2011,0400000US40,Oklahoma
1570672,0.411728992,51860,0.01359435,2012,0400000US40,Oklahoma
1597539,0.414883984,58017,0.015067128,2013,0400000US40,Oklahoma
1602352,0.413184869,62324,0.016070959,2014,0400000US40,Oklahoma
1615812,0.413109783,62886,0.016077874,2015,0400000US40,Oklahoma
1596554,0.406914533,73217,0.018660854,2016,0400000US40,Oklahoma
1606682,0.408735075,74948,0.019066546,2017,0400000US40,Oklahoma
1648899,0.41817549,73121,0.018544138,2018,0400000US40,Oklahoma
1651232,0.417296966,79419,0.020070655,2019,0400000US40,Oklahoma
1357917,0.387280947,99268,0.028311455,2004,0400000US41,Oregon
1418533,0.398361152,85854,0.024110048,2005,0400000US41,Oregon
1450920,0.392060218,106514,0.028781671,2006,0400000US41,Oregon
1485554,0.396416766,93028,0.024824314,2007,0400000US41,Oregon
1476747,0.389636837,107189,0.02828161,2008,0400000US41,Oregon
1404085,0.367018002,109349,0.028583064,2009,0400000US41,Oregon
1366963,0.356076661,108730,0.028322797,2010,0400000US41,Oregon
1376000,0.35538484,108669,0.028066363,2011,0400000US41,Oregon
1389199,0.356263973,99870,0.025611941,2012,0400000US41,Oregon
1434245,0.364941799,107583,0.027374356,2013,0400000US41,Oregon
1443156,0.36349348,115372,0.029059208,2014,0400000US41,Oregon
1491156,0.370107843,123772,0.030720453,2015,0400000US41,Oregon
1552720,0.379316786,126627,0.03093394,2016,0400000US41,Oregon
1588391,0.383412231,143469,0.034631127,2017,0400000US41,Oregon
1625519,0.38788602,151470,0.036144207,2018,0400000US41,Oregon
1627192,0.385797404,147789,0.03503988,2019,0400000US41,Oregon
4792305,0.400302931,173186,0.014466288,2004,0400000US42,Pennsylvania
4811999,0.402716091,175440,0.01468257,2005,0400000US42,Pennsylvania
4914106,0.395004879,184803,0.014854805,2006,0400000US42,Pennsylvania
4930303,0.39655638,205540,0.016532087,2007,0400000US42,Pennsylvania
5076412,0.407800307,203505,0.016348043,2008,0400000US42,Pennsylvania
4944051,0.392236603,214553,0.017021576,2009,0400000US42,Pennsylvania
4903027,0.385772599,216722,0.017051795,2010,0400000US42,Pennsylvania
4912320,0.385495091,223539,0.017542258,2011,0400000US42,Pennsylvania
4977098,0.389946641,225403,0.017659918,2012,0400000US42,Pennsylvania
5011978,0.39236387,225575,0.017659192,2013,0400000US42,Pennsylvania
5029002,0.393283788,243402,0.019034803,2014,0400000US42,Pennsylvania
5052743,0.39466837,257020,0.020075762,2015,0400000US42,Pennsylvania
5053506,0.395292261,289929,0.022678649,2016,0400000US42,Pennsylvania
5117286,0.399615103,293478,0.022918055,2017,0400000US42,Pennsylvania
5194539,0.405599645,309353,0.02415488,2018,0400000US42,Pennsylvania
5148619,0.402173365,332237,0.025951983,2019,0400000US42,Pennsylvania
453888,0.437692496,14142,0.013637389,2004,0400000US44,Rhode Island
454360,0.439724213,13735,0.01329257,2005,0400000US44,Rhode Island
466361,0.436827113,13943,0.013060013,2006,0400000US44,Rhode Island
448103,0.423605065,17385,0.016434557,2007,0400000US44,Rhode Island
458186,0.436040374,17780,0.016920635,2008,0400000US44,Rhode Island
451498,0.428687936,19750,0.018752213,2009,0400000US44,Rhode Island
423243,0.401983684,16992,0.016138499,2010,0400000US44,Rhode Island
444725,0.423023063,19037,0.018108022,2011,0400000US44,Rhode Island
443172,0.421951223,16138,0.015365251,2012,0400000US44,Rhode Island
452048,0.429903247,16587,0.015774443,2013,0400000US44,Rhode Island
443399,0.420214498,18089,0.01714316,2014,0400000US44,Rhode Island
457144,0.432779379,17235,0.016316418,2015,0400000US44,Rhode Island
454887,0.430590492,21493,0.020345012,2016,0400000US44,Rhode Island
463889,0.437780215,24822,0.023424959,2017,0400000US44,Rhode Island
468208,0.442827343,19623,0.018559275,2018,0400000US44,Rhode Island
471544,0.445121153,23545,0.022225662,2019,0400000US44,Rhode Island
1722468,0.424270129,60859,0.0149905,2004,0400000US45,South Carolina
1741199,0.421864319,46969,0.011379828,2005,0400000US45,South Carolina
1794532,0.415280858,65001,0.015042179,2006,0400000US45,South Carolina
1803851,0.409249112,78547,0.017820369,2007,0400000US45,South Carolina
1861971,0.41563708,77120,0.017215054,2008,0400000US45,South Carolina
1807336,0.39623769,74194,0.016266184,2009,0400000US45,South Carolina
1785509,0.385114072,73120,0.015771156,2010,0400000US45,South Carolina
1797256,0.384092253,70178,0.014997767,2011,0400000US45,South Carolina
1855987,0.392907669,70897,0.015008712,2012,0400000US45,South Carolina
1894186,0.396701542,68747,0.014397763,2013,0400000US45,South Carolina
1950172,0.403554942,73741,0.015259446,2014,0400000US45,South Carolina
1975031,0.403384824,81461,0.01663778,2015,0400000US45,South Carolina
2043432,0.411889332,89519,0.018044115,2016,0400000US45,South Carolina
2060767,0.410154388,104144,0.020727777,2017,0400000US45,South Carolina
2100704,0.413188732,115904,0.022797228,2018,0400000US45,South Carolina
2128896,0.413481112,122080,0.023710775,2019,0400000US45,South Carolina
334360,0.450935943,28499,0.038435292,2004,0400000US46,South Dakota
345054,0.456933157,21089,0.027926828,2005,0400000US46,South Dakota
342274,0.43773586,25188,0.032213055,2006,0400000US46,South Dakota
353049,0.443409114,22081,0.027732459,2007,0400000US46,South Dakota
371149,0.461516734,20840,0.025914145,2008,0400000US46,South Dakota
358673,0.441507254,23650,0.029111884,2009,0400000US46,South Dakota
350958,0.429851675,22506,0.027565242,2010,0400000US46,South Dakota
352529,0.427783872,22223,0.026966977,2011,0400000US46,South Dakota
374599,0.449507638,22270,0.026723337,2012,0400000US46,South Dakota
379470,0.449142285,24964,0.029547496,2013,0400000US46,South Dakota
380545,0.446033918,23336,0.02735195,2014,0400000US46,South Dakota
376224,0.438249939,24936,0.029047059,2015,0400000US46,South Dakota
389219,0.449728107,21464,0.024800856,2016,0400000US46,South Dakota
394556,0.453686801,27814,0.031982393,2017,0400000US46,South Dakota
396840,0.44981211,25776,0.029216705,2018,0400000US46,South Dakota
395257,0.446790216,28901,0.032669085,2019,0400000US46,South Dakota
2499475,0.435208482,81583,0.014205229,2004,0400000US47,Tennessee
2497327,0.429362595,71915,0.012364264,2005,0400000US47,Tennessee
2523959,0.417956836,86374,0.014303166,2006,0400000US47,Tennessee
2591846,0.420978445,95846,0.015567707,2007,0400000US47,Tennessee
2671857,0.429912332,93324,0.0150162,2008,0400000US47,Tennessee
2540747,0.403533116,95700,0.015199514,2009,0400000US47,Tennessee
2508867,0.394668499,90528,0.01424091,2010,0400000US47,Tennessee
2554076,0.398865406,88674,0.013848057,2011,0400000US47,Tennessee
2582152,0.399946531,104423,0.016173958,2012,0400000US47,Tennessee
2635119,0.405653928,104594,0.016101348,2013,0400000US47,Tennessee
2651817,0.404897613,101298,0.015466874,2014,0400000US47,Tennessee
2744013,0.41574071,108684,0.016466527,2015,0400000US47,Tennessee
2748280,0.413200997,141086,0.021212131,2016,0400000US47,Tennessee
2832493,0.421753981,150755,0.022447195,2017,0400000US47,Tennessee
2853469,0.421486673,150750,0.022267323,2018,0400000US47,Tennessee
2884512,0.422380802,181996,0.026649782,2019,0400000US47,Tennessee
8996333,0.410968252,345210,0.015769798,2004,0400000US48,Texas
9158756,0.411626671,324301,0.014575226,2005,0400000US48,Texas
9579113,0.407486873,362843,0.015435016,2006,0400000US48,Texas
9798876,0.409919688,391908,0.01639482,2007,0400000US48,Texas
10261812,0.421828543,426023,0.017512371,2008,0400000US48,Texas
10067563,0.406240025,418306,0.016879223,2009,0400000US48,Texas
10157429,0.40216111,450210,0.017825077,2010,0400000US48,Texas
10310502,0.401582477,465061,0.018113604,2011,0400000US48,Texas
10583861,0.406146765,463620,0.017791028,2012,0400000US48,Texas
10865400,0.410818236,481433,0.018202869,2013,0400000US48,Texas
11182078,0.414812309,488865,0.018135021,2014,0400000US48,Texas
11406569,0.415250706,540746,0.0196856,2015,0400000US48,Texas
11591525,0.416024587,615205,0.02207996,2016,0400000US48,Texas
11804637,0.417057251,665858,0.023524731,2017,0400000US48,Texas
12079267,0.420853328,699831,0.024382788,2018,0400000US48,Texas
12324201,0.425032817,783014,0.027004318,2019,0400000US48,Texas
941566,0.400756421,64433,0.02742446,2004,0400000US49,Utah
1035405,0.422243914,53668,0.021886109,2005,0400000US49,Utah
1052755,0.412834895,55959,0.021944164,2006,0400000US49,Utah
1106217,0.418177312,65830,0.024885364,2007,0400000US49,Utah
1138340,0.415995471,59315,0.0216761,2008,0400000US49,Utah
1103159,0.396168241,59679,0.021432019,2009,0400000US49,Utah
1073857,0.386770748,52104,0.018766282,2010,0400000US49,Utah
1095802,0.388965439,57120,0.020275292,2011,0400000US49,Utah
1143150,0.400362552,67835,0.023757682,2012,0400000US49,Utah
1142527,0.393856396,65985,0.022746609,2013,0400000US49,Utah
1181866,0.401598826,75957,0.025810238,2014,0400000US49,Utah
1218854,0.406838099,78687,0.026264729,2015,0400000US49,Utah
1238008,0.405742361,87326,0.028620056,2016,0400000US49,Utah
1297176,0.418196591,96614,0.031147389,2017,0400000US49,Utah
1314373,0.415795422,105845,0.033483545,2018,0400000US49,Utah
1365366,0.425883927,118963,0.037106849,2019,0400000US49,Utah
272739,0.454086672,18575,0.030925758,2004,0400000US50,Vermont
280399,0.459778258,14871,0.024384405,2005,0400000US50,Vermont
281786,0.451646697,17356,0.027818204,2006,0400000US50,Vermont
283580,0.45646384,18669,0.030050511,2007,0400000US50,Vermont
280773,0.451933917,21228,0.034168719,2008,0400000US50,Vermont
274769,0.441921295,22137,0.03560377,2009,0400000US50,Vermont
266414,0.425608641,22563,0.036045434,2010,0400000US50,Vermont
269905,0.430861476,21555,0.034409217,2011,0400000US50,Vermont
267918,0.427976481,22013,0.035163919,2012,0400000US50,Vermont
268321,0.428196839,21663,0.03457064,2013,0400000US50,Vermont
272074,0.43423314,22079,0.035238332,2014,0400000US50,Vermont
278284,0.444513285,19867,0.031734293,2015,0400000US50,Vermont
267890,0.428902589,23795,0.038096748,2016,0400000US50,Vermont
272311,0.43663582,20158,0.032322254,2017,0400000US50,Vermont
276159,0.440937927,24704,0.039444419,2018,0400000US50,Vermont
278996,0.447116829,23745,0.038053555,2019,0400000US50,Vermont
3158264,0.437447348,126646,0.017541585,2004,0400000US51,Virginia
3234594,0.44183324,126766,0.017315754,2005,0400000US51,Virginia
3358987,0.439492081,147714,0.019326998,2006,0400000US51,Virginia
3338410,0.432880005,173591,0.022508941,2007,0400000US51,Virginia
3435936,0.442257257,168098,0.021636771,2008,0400000US51,Virginia
3349881,0.424972121,155292,0.019700631,2009,0400000US51,Virginia
3354551,0.418032536,165919,0.020676252,2010,0400000US51,Virginia
3392617,0.419017281,176826,0.021839527,2011,0400000US51,Virginia
3468757,0.423749493,188455,0.023021996,2012,0400000US51,Virginia
3487261,0.422165861,180146,0.021808374,2013,0400000US51,Virginia
3532153,0.424216958,183894,0.02208595,2014,0400000US51,Virginia
3545631,0.422955261,194402,0.023190047,2015,0400000US51,Virginia
3588579,0.42661209,204747,0.024340427,2016,0400000US51,Virginia
3611085,0.426337245,221328,0.026130753,2017,0400000US51,Virginia
3651369,0.428680914,237224,0.02785076,2018,0400000US51,Virginia
3672166,0.430221758,256477,0.030048202,2019,0400000US51,Virginia
2391693,0.393932624,147094,0.02422766,2004,0400000US53,Washington
2511244,0.407816055,131054,0.021282649,2005,0400000US53,Washington
2552053,0.399020262,151923,0.023753564,2006,0400000US53,Washington
2615294,0.404317032,151975,0.023494904,2007,0400000US53,Washington
2687795,0.410399001,159188,0.024306391,2008,0400000US53,Washington
2589656,0.388592469,163673,0.024560056,2009,0400000US53,Washington
2543804,0.377167396,159325,0.023622966,2010,0400000US53,Washington
2586823,0.378742108,168552,0.024678047,2011,0400000US53,Washington
2640385,0.382830273,175502,0.025446092,2012,0400000US53,Washington
2666353,0.382469905,167064,0.023964176,2013,0400000US53,Washington
2736057,0.387459515,173379,0.024552611,2014,0400000US53,Washington
2772004,0.38659251,194902,0.027181654,2015,0400000US53,Washington
2838273,0.389444702,196103,0.026907656,2016,0400000US53,Washington
2934368,0.396228709,221450,0.029902469,2017,0400000US53,Washington
2958324,0.392580222,238248,0.031616366,2018,0400000US53,Washington
3024275,0.397152657,240429,0.031573523,2019,0400000US53,Washington
660874,0.37299919,17710,0.009995575,2004,0400000US54,West Virginia
665990,0.373770143,21720,0.012189804,2005,0400000US54,West Virginia
683389,0.375804383,18713,0.010290519,2006,0400000US54,West Virginia
676609,0.373397311,21130,0.011660923,2007,0400000US54,West Virginia
711330,0.392032262,24162,0.0133163,2008,0400000US54,West Virginia
683509,0.375600414,26054,0.014317139,2009,0400000US54,West Virginia
673049,0.363030635,19798,0.010678688,2010,0400000US54,West Virginia
673457,0.362978367,24313,0.013104167,2011,0400000US54,West Virginia
685185,0.369289746,18757,0.01010934,2012,0400000US54,West Virginia
687368,0.370687867,25705,0.013862344,2013,0400000US54,West Virginia
682268,0.368728536,17428,0.009418881,2014,0400000US54,West Virginia
666301,0.361309516,24311,0.013182924,2015,0400000US54,West Virginia
658951,0.359865804,28965,0.015818343,2016,0400000US54,West Virginia
656110,0.361322503,21714,0.01195799,2017,0400000US54,West Virginia
666792,0.369243648,26674,0.014771031,2018,0400000US54,West Virginia
666556,0.37193154,28433,0.015865328,2019,0400000US54,West Virginia
2374397,0.443510603,112674,0.021046234,2004,0400000US55,Wisconsin
2460678,0.455534326,100874,0.018674353,2005,0400000US55,Wisconsin
2490239,0.448166346,110056,0.019806691,2006,0400000US55,Wisconsin
2499956,0.446290013,115590,0.020635028,2007,0400000US55,Wisconsin
2582245,0.45882368,110148,0.01957154,2008,0400000US55,Wisconsin
2512876,0.44438133,112794,0.019946686,2009,0400000US55,Wisconsin
2477955,0.43541285,108638,0.019089282,2010,0400000US55,Wisconsin
2453020,0.429467797,115030,0.020139127,2011,0400000US55,Wisconsin
2505706,0.437571051,103486,0.018071744,2012,0400000US55,Wisconsin
2506985,0.436550632,114832,0.019996124,2013,0400000US55,Wisconsin
2554211,0.443627025,113031,0.01963174,2014,0400000US55,Wisconsin
2598640,0.450266548,122868,0.021289348,2015,0400000US55,Wisconsin
2599977,0.449923502,141344,0.024459442,2016,0400000US55,Wisconsin
2623664,0.452708426,144595,0.024949603,2017,0400000US55,Wisconsin
2659835,0.457521954,145334,0.024999106,2018,0400000US55,Wisconsin
2628605,0.451461535,146411,0.025146013,2019,0400000US55,Wisconsin
223169,0.45310372,13234,0.026869211,2004,0400000US56,Wyoming
223608,0.452492029,15241,0.030841613,2005,0400000US56,Wyoming
234254,0.45485858,13435,0.026087176,2006,0400000US56,Wyoming
240122,0.459273547,12802,0.024485971,2007,0400000US56,Wyoming
244965,0.459883057,13891,0.026078158,2008,0400000US56,Wyoming
243891,0.448106614,15842,0.029106877,2009,0400000US56,Wyoming
241717,0.428226961,12956,0.022952911,2010,0400000US56,Wyoming
250842,0.44150041,12862,0.022638069,2011,0400000US56,Wyoming
252394,0.437870809,14968,0.025967537,2012,0400000US56,Wyoming
257424,0.441809762,10095,0.017325773,2013,0400000US56,Wyoming
265574,0.454630876,12706,0.021751151,2014,0400000US56,Wyoming
251499,0.429100815,11702,0.019965638,2015,0400000US56,Wyoming
241576,0.412597056,15996,0.027320192,2016,0400000US56,Wyoming
245526,0.423821218,15054,0.025985863,2017,0400000US56,Wyoming
245874,0.425581166,18565,0.032133999,2018,0400000US56,Wyoming
243381,0.420522166,16418,0.028367593,2019,0400000US56,Wyoming
